Red, Random, grade, strength
Wtw,0.37217,0.441,0.377
Email,6.303779999999998,11.503,13.023
Airports,149.64817999999994,238.533,222.535
Electrica,85.92437000000001,125.42,132.349
